5350000,4546145,280260,528835,311740,370940
5350001,500,20,65,0,15
5350002,560,0,75,55,70
5350004,5685,345,605,505,610
5350005,4585,255,575,295,625
5350007.01,2730,150,300,225,190
5350007.02,4155,275,490,350,540
5350008,8700,235,775,305,505
5350010.01,4145,70,215,210,155
5350010.02,6340,135,445,325,335
5350011,8235,355,640,225,470
5350012.01,5705,145,595,310,295
5350012.02,10180,235,1110,335,510
5350013,9915,355,920,535,475
5350015,3155,100,280,105,125
5350016,5380,145,350,190,245
5350017,6120,220,485,335,420
5350018,1785,45,130,115,230
5350019,2545,140,220,195,320
5350020,1855,50,120,60,75
5350021,4390,175,375,230,125
5350022,2940,85,325,145,205
5350023,2760,95,225,160,140
5350024,5325,210,570,285,360
5350025,2765,65,280,210,250
5350026,5300,260,495,390,450
5350027,3685,240,325,295,325
5350028,5050,165,515,255,440
5350029,5500,245,735,350,485
5350030,2395,150,230,190,245
5350031,4890,430,695,610,765
5350032,3835,170,405,360,560
5350033,3855,75,320,545,700
5350034.01,4075,90,905,270,345
5350034.02,4625,135,545,350,400
5350035,6630,260,1400,450,470
5350036,4660,195,680,250,375
5350037,4305,145,870,400,450
5350038,3685,190,635,390,430
5350039,3965,275,575,320,445
5350040,4320,190,610,350,515
5350041,3065,65,350,240,335
5350042,4050,135,430,265,400
5350043,3375,130,345,260,315
5350044,4455,120,315,215,520
5350045,3330,120,315,250,205
5350046,2815,140,365,210,330
5350047.01,2890,110,255,155,265
5350047.02,3460,220,265,380,495
5350048,2945,95,235,160,280
5350049,2595,70,285,105,175
5350050.01,5860,175,495,285,300
5350050.02,5005,170,480,245,430
5350051,4510,170,425,290,220
5350052,3200,115,195,165,255
5350053,4930,130,420,370,495
5350054,5080,240,455,430,570
5350055,2415,60,175,210,320
5350056,4355,140,305,310,445
5350057,2215,35,215,120,185
5350058,3510,75,400,240,260
5350059,3195,50,525,195,370
5350060,2245,70,390,105,210
5350061,640,25,70,40,75
5350062.01,4500,225,865,330,315
5350062.02,6010,225,1180,385,375
5350063.01,8080,235,1120,380,570
5350063.02,6655,115,695,520,780
5350064,3575,95,390,210,360
5350065,11710,725,1570,1285,1755
5350066,6875,115,600,460,645
5350067,1495,30,90,65,80
5350068,2105,35,180,115,120
5350069,4355,140,430,270,335
5350070,2810,90,255,130,160
5350071,2800,110,290,130,145
5350072.01,3770,240,420,190,480
5350072.02,2705,140,395,115,220
5350073,2215,95,225,250,215
5350074,3025,120,425,175,305
5350075,3520,130,340,235,305
5350076,3235,140,260,150,280
5350077,3630,160,340,220,245
5350078,4915,245,470,270,380
5350079,5485,250,560,350,385
5350080.01,2890,145,330,95,165
5350080.02,3655,235,475,305,385
5350081,2245,105,175,125,145
5350082,2105,75,220,125,210
5350083,3490,170,285,260,285
5350084,2980,105,220,170,235
5350085,3440,70,320,270,200
5350086,2130,150,260,130,135
5350087,4385,160,295,200,170
5350088,2650,75,340,125,145
5350089,2980,30,290,125,180
5350090,3295,80,180,220,120
5350091.01,4985,110,745,220,310
5350091.02,2905,45,310,280,330
5350092,6505,220,745,490,540
5350093,4520,105,555,320,335
5350094,4390,165,415,360,485
5350095,2815,120,310,160,245
5350096,4320,170,490,305,485
5350097.01,3635,205,590,320,345
5350097.02,4700,275,565,290,550
5350098,5790,250,640,415,615
5350099,5490,280,675,385,325
5350101,2615,70,320,95,240
5350102.01,1285,40,110,90,80
5350102.02,3925,180,400,190,260
5350102.03,2780,105,250,135,180
5350103,4935,160,425,240,255
5350104,4260,165,410,270,240
5350105,3705,165,400,210,260
5350106,3315,190,495,310,300
5350107,4820,310,535,405,475
5350108,5145,380,550,415,525
5350109,4370,245,405,360,345
5350110,2955,165,325,200,280
5350111,2090,105,255,250,130
5350112,4280,345,455,225,420
5350113,2270,90,315,170,180
5350114,4340,175,460,255,480
5350115,3470,240,410,250,325
5350116,3060,125,320,260,260
5350117,1880,60,155,85,145
5350118,3420,165,240,210,210
5350119,3980,140,295,180,310
5350120,1170,40,105,55,30
5350121,1945,50,75,65,70
5350122,5440,115,485,215,260
5350123,2020,25,180,115,145
5350124,4970,155,440,160,165
5350125,3560,145,390,150,140
5350126,3245,115,285,150,190
5350127,4275,155,360,190,215
5350128.02,7520,225,740,330,385
5350128.03,4335,170,395,295,330
5350128.04,3795,65,290,100,250
5350129,4135,150,370,185,290
5350130,2925,140,320,65,200
5350131,4745,225,385,230,390
5350132,4515,305,535,215,275
5350133,5875,290,590,370,405
5350134,2220,70,265,85,80
5350135,4875,225,340,315,265
5350136.01,5560,210,520,265,335
5350136.02,4745,195,635,245,290
5350137,5655,175,480,335,415
5350138,2570,115,260,150,190
5350139,5420,310,495,265,290
5350140,2025,165,255,60,80
5350141.01,3275,145,225,105,150
5350141.02,3435,155,325,175,190
5350142,4405,150,290,230,225
5350150,3390,65,270,200,190
5350151,2875,195,395,205,210
5350152,3540,150,410,130,340
5350153,3845,240,590,320,340
5350154,5065,225,495,250,300
5350155,2700,215,310,250,300
5350156.01,4590,285,610,380,530
5350156.02,2240,160,165,180,240
5350157,2135,145,200,180,210
5350158,1815,120,210,160,190
5350159.01,3140,190,330,400,265
5350159.02,3915,310,405,245,305
5350160,2750,180,360,190,210
5350161,5575,415,545,575,395
5350162,4035,265,425,335,315
5350163,3720,210,405,290,415
5350164,5295,200,530,335,355
5350165,3630,105,330,250,285
5350166,3390,155,300,185,250
5350167.01,1545,0,60,85,120
5350167.02,4965,145,385,365,415
5350168,4700,240,555,335,480
5350169.01,2945,220,300,255,240
5350169.02,6405,460,825,340,525
5350170,2935,180,260,240,285
5350171,3090,225,385,300,325
5350172,2125,175,105,105,130
5350173,2605,185,290,240,295
5350174,5655,420,630,435,595
5350175.01,4655,250,565,345,440
5350175.02,6510,420,615,390,735
5350176,3555,230,350,315,370
5350180,5250,280,820,460,545
5350181.01,3730,170,330,285,245
5350181.02,3015,180,320,170,200
5350182,4510,145,575,205,350
5350183,5380,310,475,275,325
5350184.01,4150,150,300,355,325
5350184.02,3270,175,250,165,320
5350185.01,5845,215,645,495,490
5350185.02,4055,170,380,305,310
5350186,1870,130,145,50,75
5350187,2790,120,305,180,185
5350188,1675,35,135,90,95
5350189,4380,290,570,270,295
5350190.01,7105,665,1015,695,740
5350190.02,3695,225,425,275,430
5350191,3590,215,300,245,330
5350192,775,40,95,70,75
5350193,2525,220,295,145,165
5350194.01,3620,460,645,400,465
5350194.02,4080,430,565,280,410
5350194.03,2130,150,200,145,255
5350194.04,4210,305,505,320,425
5350195,4930,245,460,290,395
5350196,6205,320,560,420,300
5350200,5675,285,580,325,450
5350201,4310,110,330,255,260
5350202,1325,50,120,70,100
5350203,2625,140,215,95,155
5350204,3770,135,340,240,285
5350206.01,3445,210,225,185,250
5350206.02,4835,245,420,345,550
5350207,2050,150,215,125,180
5350208,3370,220,345,220,385
5350209,2310,90,230,155,215
5350210,7175,200,530,230,375
5350211,5440,215,745,235,415
5350212,4770,160,385,365,305
5350213,5935,245,480,275,375
5350214,3830,140,195,165,330
5350215,5590,245,445,335,260
5350216,4470,175,340,215,255
5350217,4885,295,575,380,440
5350218,2150,85,100,135,95
5350219,3480,95,265,145,310
5350220,3480,185,275,170,215
5350221.01,5590,250,495,365,330
5350221.02,3315,190,435,265,265
5350222.01,4550,215,460,260,335
5350222.02,3805,200,340,305,340
5350223,3150,135,350,185,210
5350224,1440,50,160,105,140
5350225.01,4545,160,455,235,325
5350225.02,6505,325,890,435,525
5350226,2645,70,260,165,120
5350227,1365,60,90,55,80
5350228,2455,45,130,110,180
5350229,895,30,60,65,25
5350230.01,2020,90,165,55,135
5350230.02,5145,285,570,425,410
5350231,5480,215,585,320,350
5350232,3385,105,335,145,240
5350233,4620,275,565,195,235
5350234,3780,210,370,220,210
5350235.01,2375,160,250,170,120
5350235.02,4645,310,450,300,365
5350236.01,5365,370,400,410,515
5350236.02,5195,260,465,275,425
5350237.01,4955,365,605,445,460
5350237.02,2385,120,165,115,175
5350237.03,4790,265,420,310,415
5350238.01,2870,110,245,140,250
5350238.02,4295,225,475,245,405
5350239,5225,385,565,445,390
5350240.01,2920,145,250,110,330
5350240.02,4560,165,395,385,365
5350241,2460,140,275,140,165
5350242,1230,80,190,90,120
5350243.01,4835,385,665,410,410
5350243.02,2905,215,365,200,185
5350244.01,4610,365,505,260,465
5350244.02,2885,245,340,290,310
5350245,5760,450,675,395,490
5350246,2845,110,330,280,285
5350247.01,6780,450,875,500,650
5350247.02,5730,310,605,430,510
5350248.02,4160,430,670,295,485
5350248.03,2340,220,365,240,190
5350248.04,4535,350,625,330,470
5350248.05,3460,230,400,265,240
5350249.01,3995,270,480,225,320
5350249.03,4530,325,465,310,400
5350249.04,2620,255,365,210,315
5350249.05,4125,430,600,340,540
5350250.01,4085,340,450,310,375
5350250.02,4055,185,525,210,405
5350250.04,4430,530,525,330,400
5350250.05,5650,605,915,430,680
5350260.01,5640,490,780,430,595
5350260.03,6165,420,740,475,435
5350260.04,3195,375,535,255,220
5350260.05,2700,370,400,345,290
5350261,4390,320,455,225,490
5350262.01,4640,270,415,260,425
5350262.02,5100,355,520,300,515
5350263.02,2580,105,190,130,170
5350263.03,4515,245,420,290,340
5350263.04,4865,140,365,145,310
5350264,1260,35,155,25,60
5350265,3285,180,330,210,130
5350266,2645,190,225,140,115
5350267,5400,280,685,240,315
5350268,5495,240,520,215,305
5350269.01,4035,335,630,370,320
5350269.02,2210,115,270,105,160
5350270.01,4220,250,410,395,400
5350270.02,3180,220,355,250,295
5350271.01,2130,70,195,105,145
5350271.02,3875,320,475,290,255
5350272.01,4740,430,620,360,360
5350272.02,4070,260,380,235,305
5350273.01,3350,220,515,125,230
5350273.02,3740,355,505,280,215
5350274.01,4040,325,595,190,215
5350274.02,4135,235,465,210,205
5350275,4710,255,585,255,195
5350276.01,5165,225,390,265,440
5350276.02,5190,260,555,325,225
5350277,3155,275,375,205,215
5350278,5975,435,655,350,430
5350279.01,3565,235,280,210,295
5350279.02,5085,290,505,395,625
5350280,5870,395,640,425,585
5350281.01,5165,345,700,445,475
5350281.02,2940,305,295,220,210
5350282,3615,155,300,240,415
5350283.01,4040,220,565,245,425
5350283.02,3590,225,385,240,350
5350284,5485,290,615,485,435
5350285,2775,160,225,170,250
5350286,2990,235,260,290,265
5350287.01,5705,450,565,375,380
5350287.02,4765,365,610,310,420
5350288,6800,465,625,420,495
5350289,3830,255,305,320,495
5350290,3870,175,405,310,340
5350291.01,3285,90,240,255,340
5350291.02,4090,195,465,240,440
5350292,5480,370,690,455,555
5350293,3485,210,350,200,325
5350294.01,3590,290,510,295,340
5350294.02,3670,365,300,220,315
5350295,4370,335,525,285,415
5350297.01,5730,320,660,340,410
5350297.02,5175,255,680,275,450
5350298,3510,165,375,155,230
5350299.01,4875,275,620,355,345
5350299.02,3885,225,690,190,160
5350300,9055,420,1450,335,595
5350301.01,2455,125,360,180,175
5350301.03,3465,285,470,365,420
5350301.04,3295,265,605,300,380
5350302.01,5555,335,695,410,465
5350302.02,5235,360,795,475,435
5350302.03,3095,325,415,235,305
5350303,4455,390,765,400,475
5350304.01,3580,355,510,325,415
5350304.02,3610,170,335,200,245
5350304.03,2405,185,315,170,220
5350304.04,2950,195,465,225,270
5350304.05,2550,155,350,85,150
5350304.06,5225,305,805,330,560
5350305.01,4030,255,545,195,275
5350305.03,4085,225,685,265,275
5350305.04,4685,250,660,170,320
5350306.01,3930,375,620,270,345
5350306.02,3815,195,510,270,245
5350307.03,4430,420,1010,285,375
5350307.04,5785,390,1280,295,420
5350307.05,3255,190,805,180,175
5350307.06,4780,315,990,330,365
5350307.07,4860,320,1030,285,335
5350308.01,9470,490,1630,470,750
5350308.02,3750,155,375,275,275
5350309,5150,425,760,395,550
5350310.01,2850,95,335,190,165
5350310.02,4250,375,520,330,305
5350311.02,4960,310,600,295,430
5350311.03,2135,140,300,110,265
5350311.04,5650,390,540,380,635
5350311.05,5440,375,920,565,455
5350311.06,4670,260,1330,475,380
5350312.02,2920,195,375,230,255
5350312.03,5225,445,530,410,505
5350312.04,4140,435,405,325,415
5350312.05,2745,260,405,260,285
5350312.06,2795,225,345,270,295
5350312.07,2825,200,265,255,275
5350313,4505,315,425,320,485
5350314.01,3800,355,460,345,375
5350314.02,4360,400,545,375,475
5350315.01,2925,200,285,135,325
5350315.02,2925,165,445,295,335
5350315.03,4400,385,470,305,450
5350316.01,3415,175,330,285,230
5350316.03,4490,435,640,380,700
5350316.04,3315,365,215,405,515
5350316.05,3140,305,350,285,405
5350316.06,2540,205,310,335,255
5350317.02,6330,405,705,550,725
5350317.03,3245,205,385,215,260
5350317.04,5085,435,555,365,525
5350317.05,1970,80,180,175,180
5350318,7355,630,1335,545,580
5350319,3545,175,455,395,305
5350320.01,4095,330,620,210,535
5350320.02,4995,315,625,410,465
5350321.01,3315,115,500,220,215
5350321.02,3690,300,695,235,240
5350322.01,4395,370,1075,205,370
5350322.02,2805,155,360,235,290
5350323.01,3620,245,570,255,255
5350323.02,4665,325,505,305,435
5350324.01,3240,250,570,215,230
5350324.02,5605,365,810,365,585
5350324.03,3580,145,405,215,355
5350324.05,3045,190,370,240,220
5350324.06,3110,315,415,235,210
5350330,3685,125,325,190,235
5350331.01,4660,180,455,225,275
5350331.03,4265,440,635,555,395
5350331.04,2655,195,255,155,160
5350332,5885,450,870,590,795
5350333,3880,350,340,220,380
5350334,2995,165,340,180,240
5350335,6020,365,710,445,610
5350336,5605,380,585,435,450
5350337,2130,65,200,70,205
5350338,4780,235,495,340,445
5350339,5580,290,565,280,325
5350340,5300,420,575,420,555
5350341.02,3330,200,310,225,485
5350341.03,3660,350,530,565,710
5350341.04,3415,300,410,295,355
5350342,5020,355,855,380,310
5350343,3440,260,375,280,425
5350344.01,4270,340,470,350,390
5350344.02,2900,110,335,225,380
5350345,3065,225,470,220,325
5350346.01,3770,380,410,380,415
5350346.02,4175,430,465,440,375
5350347,2085,155,230,145,160
5350348,4100,240,490,280,245
5350349,4620,335,580,420,330
5350350,4550,215,395,270,455
5350351.01,4440,355,540,305,580
5350351.02,2275,115,180,200,225
5350352,4435,275,605,310,425
5350353.02,4170,285,515,350,380
5350353.03,2650,195,335,245,210
5350353.04,3485,280,400,260,495
5350354,4085,255,465,280,375
5350355.02,4455,265,450,245,420
5350355.03,3455,350,455,355,465
5350355.04,3885,335,505,210,370
5350356,3785,225,345,295,340
5350357.01,5445,435,610,495,695
5350357.02,3635,395,390,300,625
5350358.01,2935,120,365,215,280
5350358.02,3650,330,325,375,390
5350358.03,4375,390,435,380,670
5350359,5655,490,670,405,775
5350360,4825,295,590,430,365
5350361.01,4960,270,475,325,370
5350361.02,5965,355,690,320,380
5350362.01,5140,335,690,380,530
5350362.02,5020,280,760,310,375
5350362.03,6150,240,760,405,515
5350362.04,4120,290,530,220,360
5350363.02,2835,160,410,180,275
5350363.04,2990,260,395,195,300
5350363.05,3520,410,580,265,425
5350363.06,5770,340,975,360,455
5350363.07,4325,435,695,410,455
5350364.01,4865,305,530,380,485
5350364.02,2315,185,290,120,125
5350365,5480,560,580,425,570
5350366,5035,365,615,425,565
5350367.01,3885,415,665,330,350
5350367.02,3065,115,305,200,215
5350368.01,4995,215,975,330,450
5350368.02,3525,205,290,265,400
5350369,5975,480,700,530,610
5350370.01,7985,515,1045,610,850
5350370.02,3980,345,440,295,290
5350370.03,3085,230,390,180,335
5350371,5695,325,640,465,370
5350372,3660,220,385,305,260
5350373,3890,185,430,275,325
5350374.01,4095,250,610,295,370
5350374.02,2870,190,410,225,240
5350374.03,3650,280,515,200,380
5350375.01,5315,285,655,455,585
5350375.02,1615,80,125,185,85
5350375.03,4380,320,680,295,620
5350375.04,4685,325,745,355,410
5350375.05,5905,420,900,330,500
5350376.01,4435,390,770,280,610
5350376.02,4385,400,640,390,485
5350376.04,4295,330,665,315,385
5350376.05,6320,400,1185,785,520
5350376.06,370,0,0,0,65
5350376.08,5510,400,885,390,480
5350376.09,4285,255,670,320,485
5350376.11,2855,275,590,180,295
5350376.12,4810,325,660,230,425
5350376.13,3495,255,420,275,385
5350376.14,3275,305,600,300,250
5350376.15,3590,170,500,345,415
5350376.16,2635,200,365,230,195
5350377.01,5790,365,825,615,570
5350377.02,4130,275,555,335,335
5350377.03,2475,160,310,210,245
5350377.04,5205,440,830,420,475
5350377.06,3320,260,695,305,280
5350377.07,4215,270,590,375,460
5350378.02,2750,240,455,230,305
5350378.03,6220,425,910,555,500
5350378.04,4680,405,680,390,455
5350378.05,3330,365,435,260,390
5350378.06,4800,400,770,440,350
5350378.07,5925,390,675,425,590
5350378.08,5640,475,855,455,660
5350378.11,4605,410,570,415,570
5350378.12,4075,280,560,360,420
5350378.14,3335,330,545,315,335
5350378.16,5220,350,780,320,560
5350378.17,2690,285,520,195,250
5350378.18,2390,170,345,210,305
5350378.19,4310,325,695,365,450
5350378.2,1900,150,310,120,280
5350378.21,3115,230,420,275,385
5350378.22,3220,190,470,290,420
5350378.23,3760,235,480,200,435
5350378.24,5350,375,705,420,650
5350378.25,5725,520,705,460,550
5350378.26,3750,245,525,365,305
5350378.27,4370,405,590,330,410
5350378.28,6145,445,815,520,455
5350400.02,5305,300,500,500,430
5350400.03,2555,120,355,195,235
5350400.04,1640,55,130,55,120
5350400.06,2590,165,240,165,190
5350400.07,2835,85,225,165,220
5350400.08,2490,145,235,135,185
5350400.11,5305,460,840,390,575
5350400.12,6275,395,900,390,440
5350400.13,4835,460,720,395,545
5350400.14,5365,400,745,485,690
5350400.15,3980,180,430,220,335
5350400.16,4225,310,480,310,335
5350400.17,3785,405,635,295,405
5350400.18,2290,255,375,210,235
5350400.19,4945,255,440,260,275
5350400.2,1935,105,205,120,100
5350400.21,1610,125,190,105,115
5350400.22,6390,525,770,500,560
5350400.23,6730,700,930,510,530
5350401.04,3145,195,455,255,385
5350401.05,1915,120,410,150,170
5350401.06,4485,330,580,325,320
5350401.07,3455,210,355,260,200
5350401.08,2875,180,405,190,230
5350401.09,7635,610,1300,570,710
5350401.1,4310,285,625,290,300
5350401.11,5960,470,880,555,635
5350401.13,5465,480,910,535,630
5350401.14,7070,505,1055,700,610
5350401.15,2475,100,280,205,190
5350401.17,3290,255,410,275,310
5350401.18,2925,195,425,220,290
5350401.19,5880,440,1020,500,685
5350401.2,4015,340,665,350,510
5350401.21,2640,270,525,170,270
5350401.22,6285,500,1055,420,610
5350401.23,1900,130,280,115,220
5350402.01,2255,65,260,205,150
5350402.02,2920,155,300,240,240
5350402.03,2570,90,255,180,190
5350402.04,4465,230,530,265,375
5350402.05,1910,60,200,90,110
5350402.06,4995,280,610,265,430
5350402.07,1860,130,255,145,125
5350402.08,5700,290,830,445,520
5350402.09,3175,140,365,180,290
5350402.1,3050,140,350,275,165
5350402.12,4045,235,670,255,330
5350402.13,4680,235,645,255,355
5350403.01,6785,530,1000,555,495
5350403.03,8025,475,1050,495,645
5350403.04,3470,280,545,275,280
5350403.05,2635,125,305,190,165
5350403.07,5620,485,915,380,495
5350403.09,4110,375,645,335,405
5350403.1,3845,300,600,310,315
5350403.11,5630,430,840,370,390
5350403.12,4880,340,605,345,265
5350403.13,5045,260,555,265,310
5350403.14,5135,335,785,425,335
5350410.02,3920,220,430,245,370
5350410.03,5975,380,870,445,520
5350410.04,3220,185,435,230,165
5350410.05,5520,365,635,400,355
5350410.07,3190,190,470,210,205
5350410.09,4080,235,430,220,480
5350410.1,3635,180,395,305,340
5350410.11,3195,190,365,315,315
5350410.12,5115,175,590,380,390
5350410.13,5875,380,915,390,300
5350410.14,5345,365,770,375,475
5350410.15,1765,70,185,90,145
5350411.01,4905,240,660,360,320
5350411.04,5160,400,590,300,385
5350411.07,3520,275,400,285,225
5350411.08,1795,110,170,105,145
5350411.09,4940,315,545,310,335
5350411.12,4385,270,535,320,375
5350411.15,3655,285,510,240,190
5350411.16,4510,240,520,235,360
5350411.17,4115,355,455,255,240
5350411.18,5890,415,610,400,305
5350411.19,4180,350,480,180,260
5350411.2,12510,735,1670,745,770
5350411.21,1920,90,185,145,145
5350411.22,4175,340,485,270,435
5350411.23,3165,190,280,185,200
5350411.24,5320,435,635,465,580
5350411.25,2605,175,295,140,205
5350411.26,3910,305,530,260,220
5350411.27,3140,245,350,140,270
5350412.01,5375,270,440,475,370
5350412.02,6265,230,560,425,455
5350412.04,4150,160,400,280,345
5350412.06,3230,110,325,215,210
5350412.08,2400,165,335,205,250
5350412.1,5335,305,630,275,505
5350412.11,3645,195,345,275,275
5350412.12,3460,180,405,230,295
5350412.13,3885,165,395,250,425
5350412.14,2860,180,325,115,155
5350412.15,4580,115,415,275,355
5350412.18,6715,325,545,330,565
5350412.19,7080,430,635,520,525
5350412.2,4310,210,440,300,330
5350412.22,5425,285,540,370,300
5350412.23,8820,595,975,580,640
5350412.24,6020,360,755,430,415
5350413,9490,600,855,555,545
5350420.03,5470,410,630,420,495
5350420.05,5850,370,945,515,560
5350420.06,4645,245,670,430,515
5350420.08,4010,240,460,235,410
5350420.09,3610,165,440,265,405
5350420.1,3080,255,530,235,250
5350420.11,5740,400,730,355,500
5350420.13,4315,205,520,330,340
5350420.14,5650,335,720,505,460
5350420.15,2310,170,435,190,165
5350421.01,5870,280,720,275,440
5350421.04,3285,180,245,190,230
5350421.05,3005,150,430,230,135
5350421.06,3355,250,335,205,325
5350421.07,3585,180,375,250,275
5350422.02,4430,365,450,395,370
5350422.03,5405,455,740,300,470
5350422.04,3445,290,530,180,270
5350422.05,5890,370,985,400,505
5350422.06,4565,350,395,310,435
5350423.01,3245,175,395,170,245
5350423.02,6280,315,625,515,535
5350424.04,2095,170,255,150,115
5350424.05,6880,635,1145,445,505
5350424.07,5295,405,640,360,440
5350424.08,5955,435,820,500,395
5350424.09,2380,190,240,165,220
5350424.1,4440,315,590,235,255
5350424.11,5905,350,780,350,470
5350424.12,19555,1275,2195,1390,1305
5350424.13,1215,75,160,55,60
5350430.02,7580,305,600,510,440
5350430.03,3855,135,395,300,270
5350430.04,7765,360,670,440,475
5350431.01,5235,190,455,180,310
5350431.02,5495,325,770,310,410
5350440,5400,290,605,300,380
5350441.02,3675,180,375,205,245
5350441.03,6155,330,710,580,415
5350441.04,4580,385,485,385,280
5350442.02,3475,90,340,285,245
5350442.03,4700,290,435,420,380
5350442.04,3150,140,375,160,255
5350442.05,5225,260,545,370,280
5350442.06,5655,295,615,310,365
5350450.02,2410,90,110,95,175
5350450.03,6615,310,665,415,415
5350450.05,4485,265,435,300,260
5350450.06,3855,275,425,245,315
5350451.01,1875,90,85,140,175
5350451.02,4140,125,350,245,345
5350451.03,5870,330,630,325,400
5350451.05,3910,145,445,315,335
5350451.06,4845,300,550,260,270
5350451.07,3575,210,365,225,230
5350452.01,2745,165,195,210,215
5350452.02,4090,145,420,225,430
5350452.03,4790,175,565,280,415
5350452.05,3050,130,255,195,165
5350452.06,2795,140,285,165,170
5350452.07,4965,205,510,400,430
5350455,5865,295,500,370,395
5350456.01,3590,195,380,215,215
5350456.02,5085,195,470,345,460
5350456.03,3680,270,310,180,290
5350460.01,4135,260,395,205,280
5350460.02,3030,125,250,135,260
5350470,2420,80,160,155,420
5350471,2750,140,225,210,260
5350472,5300,240,455,350,375
5350473.01,4915,260,510,330,220
5350473.02,5535,380,505,375,375
5350473.03,3095,145,360,215,305
5350474,4470,350,405,240,455
5350475,4865,240,250,300,495
5350480.01,3215,115,200,300,350
5350480.02,6100,295,545,570,375
5350481.01,3945,255,335,275,260
5350481.02,3860,285,260,355,365
5350482,5205,205,470,405,555
5350483.01,4120,225,365,250,225
5350483.02,2135,85,150,160,280
5350484.01,3280,70,250,85,340
5350484.02,4895,300,455,400,350
5350485.01,4795,230,450,300,215
5350485.02,5160,260,315,430,365
5350500.01,3010,130,325,215,260
5350500.02,4155,145,490,310,455
5350501.01,4975,205,430,300,315
5350501.02,5915,320,665,385,465
5350502.01,4665,280,625,225,360
5350502.02,2025,100,215,110,170
5350503,4320,295,625,295,370
5350504,2860,110,350,180,155
5350505.01,3940,215,430,235,250
5350505.02,4655,205,575,380,215
5350506,2150,105,200,155,170
5350507,3030,125,260,175,240
5350508,2770,115,265,165,225
5350509.01,4380,220,385,265,355
5350509.02,2665,75,250,120,185
5350510,4770,160,465,345,315
5350511.01,4075,280,575,400,515
5350511.02,3915,265,510,310,340
5350512,5510,420,615,505,540
5350513.01,5865,330,595,330,350
5350513.02,5385,515,625,415,530
5350513.03,2500,245,395,160,200
5350513.04,3275,135,310,295,330
5350514.01,1985,140,170,55,130
5350514.02,4420,350,585,400,425
5350515.01,3805,240,405,185,310
5350515.02,2910,120,410,150,180
5350516.01,4605,230,545,320,280
5350516.02,3915,290,580,220,255
5350516.03,4790,280,465,320,335
5350516.04,5135,285,615,315,435
5350516.05,5150,325,605,385,310
5350516.06,3950,290,445,220,235
5350516.08,4985,395,680,320,450
5350516.09,6010,295,660,420,395
5350516.11,4000,245,325,300,335
5350516.16,4485,215,460,320,300
5350516.17,2845,100,345,195,215
5350516.18,3175,160,485,205,165
5350516.2,5160,325,675,415,425
5350516.21,2535,195,350,210,140
5350516.22,5465,395,720,325,360
5350516.23,4750,440,590,350,305
5350516.24,3560,155,555,390,250
5350516.25,3330,175,420,205,290
5350516.26,5850,390,820,435,430
5350516.28,3855,305,475,305,300
5350516.29,3855,355,565,265,330
5350516.3,4950,330,705,405,430
5350516.31,2465,135,300,140,180
5350516.32,3905,365,345,250,260
5350516.37,4705,390,575,305,345
5350516.38,4840,360,655,330,360
5350516.39,3890,300,470,230,285
5350516.4,4630,375,620,370,245
5350516.41,3975,390,530,260,290
5350516.42,6380,595,910,435,430
5350516.43,3565,400,460,270,300
5350516.44,3850,280,530,290,310
5350516.45,8710,845,1125,675,565
5350516.46,5490,450,710,445,365
5350516.47,3740,345,465,245,230
5350517,1390,75,95,90,115
5350518,3565,335,510,250,350
5350519,3300,240,395,195,235
5350520.01,4545,365,615,300,450
5350520.02,5720,400,810,475,435
5350520.05,3140,175,285,235,330
5350520.07,3860,285,530,285,375
5350520.08,5365,400,540,325,490
5350520.09,5485,390,600,365,430
5350520.1,7765,625,1135,390,585
5350521.01,4705,290,605,390,395
5350521.02,3315,210,335,235,240
5350521.03,4215,315,675,285,385
5350521.04,5165,420,745,270,345
5350521.05,3605,225,330,280,340
5350521.06,4175,290,465,270,455
5350522,5085,270,470,260,555
5350523,5075,345,435,300,440
5350524.01,3995,260,440,380,375
5350524.02,3180,130,330,150,245
5350525.01,2800,225,310,330,235
5350525.02,3735,325,400,265,360
5350526.01,4880,445,545,350,430
5350526.02,2765,200,290,185,270
5350527.01,6325,370,750,385,420
5350527.02,4410,230,450,260,370
5350527.03,5975,260,725,550,465
5350527.04,5010,340,530,270,270
5350527.05,5080,205,530,260,430
5350527.06,3675,195,460,145,340
5350527.07,4210,195,475,380,330
5350527.08,3815,260,345,310,305
5350527.09,3105,195,470,255,205
5350528.01,4470,325,605,310,425
5350528.02,6640,535,980,475,580
5350528.1,7280,580,1025,515,700
5350528.11,4875,270,810,255,345
5350528.12,5165,480,760,335,345
5350528.13,2860,170,355,215,255
5350528.15,3545,330,505,270,270
5350528.16,4330,410,605,315,410
5350528.18,5760,410,900,395,470
5350528.19,4690,295,690,320,415
5350528.2,5105,310,600,400,410
5350528.21,3445,290,430,295,320
5350528.22,5415,520,665,445,535
5350528.24,4700,300,585,415,480
5350528.25,6260,515,730,445,385
5350528.26,3820,290,490,355,450
5350528.31,5250,410,690,310,515
5350528.32,3385,235,560,175,290
5350528.33,5490,410,820,470,370
5350528.34,4915,470,670,260,305
5350528.35,2465,225,400,140,165
5350528.36,6685,580,1090,520,810
5350528.37,5075,370,520,315,315
5350528.39,5045,390,450,285,280
5350528.4,4680,385,585,245,345
5350528.41,5925,490,845,495,375
5350528.42,4025,325,575,305,360
5350528.43,3510,330,325,250,240
5350528.44,1950,105,250,155,115
5350528.45,4535,415,675,280,385
5350528.46,5175,525,770,360,480
5350528.47,4310,325,620,265,410
5350528.48,5295,465,630,290,375
5350528.49,3345,255,340,275,155
5350529.01,3125,210,410,230,315
5350529.02,3600,250,465,315,480
5350530.01,4060,420,375,300,410
5350530.02,2620,175,440,270,180
5350531.01,3365,195,555,290,325
5350531.02,5575,430,615,450,495
5350532.01,3435,255,515,230,295
5350532.02,3640,385,430,310,385
5350540.01,4505,210,385,295,250
5350540.02,4740,175,315,215,270
5350550.01,3695,205,390,245,230
5350550.02,6305,345,540,420,395
5350560,5055,315,480,315,445
5350561,4825,335,595,255,380
5350562.02,5655,365,595,360,345
5350562.03,4030,235,495,270,400
5350562.04,3790,250,440,270,255
5350562.05,4535,300,405,270,350
5350562.06,2730,175,285,135,155
5350562.07,3765,305,375,255,365
5350562.08,3540,295,320,225,205
5350562.09,3270,195,385,260,175
5350562.11,2675,260,250,175,225
5350562.12,5150,370,640,280,335
5350562.13,900,50,115,70,75
5350562.14,3460,190,365,290,245
5350562.15,3075,260,345,240,260
5350563.01,5365,630,565,345,720
5350563.02,2725,230,200,140,310
5350564.01,2015,115,275,115,180
5350564.02,3850,340,430,285,350
5350570.01,2495,150,350,135,205
5350570.02,3080,145,255,155,130
5350571.01,3010,170,500,215,275
5350571.02,3285,150,330,155,325
5350572.01,5725,280,615,345,390
5350572.04,2700,220,300,175,255
5350572.05,5035,370,745,345,470
5350572.07,3870,235,505,295,290
5350572.08,4340,310,450,455,450
5350572.09,2800,270,385,185,245
5350572.1,2990,280,395,165,230
5350573.03,5165,310,565,350,410
5350573.05,4800,275,455,300,460
5350573.06,3670,255,300,295,200
5350573.07,4880,300,545,405,365
5350573.09,4600,285,500,385,400
5350573.1,2465,195,315,185,250
5350573.11,3785,325,480,285,320
5350574,5210,190,345,395,340
5350575.01,4990,345,495,340,490
5350575.02,3695,315,365,315,265
5350575.03,5320,490,565,435,415
5350575.04,5165,275,510,325,400
5350575.05,5520,320,650,445,485
5350575.07,2730,220,435,150,200
5350575.08,4715,335,565,390,335
5350576.04,3765,200,320,240,390
5350576.05,5670,465,630,475,440
5350576.06,5665,515,590,345,485
5350576.07,3815,300,525,245,245
5350576.09,3330,275,320,255,140
5350576.1,5505,400,655,330,460
5350576.16,5195,385,595,375,520
5350576.17,5335,485,610,335,425
5350576.18,8815,785,1070,695,840
5350576.2,5100,465,740,405,410
5350576.22,6075,575,860,480,445
5350576.24,6380,505,620,300,555
5350576.29,3180,300,320,170,205
5350576.3,11835,915,1265,730,975
5350576.31,2810,145,225,185,210
5350576.32,6875,480,770,485,450
5350576.33,2385,165,245,140,155
5350576.34,4505,420,465,300,310
5350576.35,9875,960,1115,700,1060
5350576.36,7710,710,905,475,775
5350576.37,9800,850,1360,695,825
5350576.38,10330,1025,1130,855,880
5350576.39,8480,590,1190,670,745
5350576.4,5495,555,890,310,470
5350576.41,5675,500,635,330,475
5350576.42,6620,585,715,515,560
5350576.43,4715,290,520,370,385
5350576.44,2005,125,250,165,150
5350576.45,2315,250,315,175,190
5350576.46,4200,420,670,290,305
5350576.47,2560,240,475,205,205
5350576.48,7935,615,1200,665,745
5350576.49,3490,290,315,200,365
5350576.5,4870,425,630,350,290
5350576.51,7140,565,890,385,615
5350585.02,4720,250,505,325,285
5350585.03,4260,270,330,240,275
5350585.05,5660,265,455,365,425
5350585.07,4705,190,470,310,365
5350585.08,2880,155,260,105,225
5350585.09,4610,330,425,280,315
5350585.1,3150,210,325,175,260
5350586.01,5195,250,520,375,340
5350586.02,2450,120,275,135,195
5350587.01,5010,290,535,375,330
5350587.02,4515,165,415,295,310
5350590,4105,255,275,245,320
5350591.01,3885,160,400,210,385
5350591.02,3815,215,320,295,215
5350592.01,5535,340,460,270,425
5350592.02,4640,240,430,360,350
5350593,6280,310,535,510,435
5350600.01,5105,330,580,315,435
5350600.02,5990,410,775,400,355
5350601,3120,180,380,195,205
5350602,3915,180,470,225,280
5350603,4150,100,335,225,305
5350604,2025,55,245,80,80
5350605,1930,50,235,95,175
5350606,4260,235,330,290,355
5350607,2650,115,195,150,200
5350608,2000,70,205,160,100
5350609,2265,140,175,120,205
5350610.02,6575,310,720,400,325
5350610.03,3720,90,210,165,320
5350610.04,2600,65,240,110,185
5350611,4065,165,315,220,305
5350612.03,5105,295,715,415,410
5350612.05,4860,250,615,390,380
5350612.07,6635,385,635,470,340
5350612.08,4440,275,630,305,280
5350612.11,4580,250,510,395,265
5350612.12,5440,360,675,375,270
5350612.13,3370,150,345,265,295
5350612.14,3640,140,485,235,350
5350612.15,4265,280,345,240,200
5350612.18,3085,180,400,175,220
5350612.19,2940,165,355,225,165
5350612.2,3295,165,425,215,235
5350612.21,4335,315,470,310,255
5350612.22,4195,240,500,230,280
5350612.23,3140,205,355,180,175
5350612.24,5230,300,665,350,265
5350612.25,4380,285,565,385,255
5350613.01,3535,250,335,215,220
5350613.03,3405,180,350,200,295
5350613.04,3905,225,525,280,350
5350614.01,2655,110,290,155,185
5350614.02,3370,100,445,250,190
5350615,320,0,20,35,20
5350620.01,5585,260,550,410,290
5350620.02,6460,380,550,355,460
5350620.04,17850,820,1955,845,850
5350620.05,3110,170,285,205,200
5350620.06,4015,110,335,195,160
5350620.07,3385,185,345,245,190
5350621,4510,155,390,310,285
5350622,5000,220,425,355,370
5350623,3030,110,135,180,270
5350624,4475,140,315,305,315
5350625,295,0,20,0,25
5350626,4915,310,360,390,300
5350630,2715,150,125,170,210
5350631.02,3205,190,300,230,150
5350631.03,3265,200,350,180,210
5350631.04,3335,225,255,215,240
5350632,3685,150,255,195,230
5350633,2515,90,215,140,120
5350634.01,3410,180,310,185,175
5350634.02,3105,140,255,205,165
5350635,4825,240,365,310,245
5350636,2105,40,155,145,185
5350637,5525,180,570,360,415
5350638,4855,240,340,360,310
5350639,3320,155,315,200,170
5350800.01,2180,90,245,80,145
5350800.02,4030,265,420,195,350
5350801.01,3255,115,320,170,195
5350801.02,4795,175,620,315,305
5350802.01,3380,205,310,235,265
5350802.02,4375,220,470,235,340
5350803.03,4545,255,555,315,330
5350803.04,4480,405,600,310,215
5350803.05,5285,410,670,310,275
5350803.06,4725,315,600,395,350
5350804.01,6100,410,850,270,395
5350804.05,5725,445,615,420,375
5350804.06,2690,170,240,160,210
5350804.07,2710,210,270,175,200
5350804.08,3250,265,385,245,230
5350804.1,4200,230,345,175,220
5350804.11,4555,285,495,300,360
5350804.12,2675,145,335,255,175
5350804.13,4255,380,455,445,255
5350805.02,4130,350,475,315,415
5350805.04,4930,300,525,280,310
5350805.05,4385,315,535,330,325
5350805.06,4650,435,460,405,455
5350805.08,8235,510,800,460,460
5350805.09,4425,380,540,305,305
5350805.1,5290,360,740,345,415
5350805.12,4875,360,580,370,320
5350805.13,8740,640,965,730,570
5350806,1475,95,125,100,95
5350807,1825,135,180,140,80
5350810.01,3320,100,275,220,330
5350810.02,2105,115,210,170,195
5350810.03,2725,145,190,135,185
5350810.04,4810,325,450,230,430
5350810.05,3285,180,270,235,215
5350811,2995,105,310,200,205
5350812,4930,320,490,340,440
5350820.01,4070,360,545,330,280
5350820.02,5280,345,660,400,290
5350820.03,3355,170,405,275,205
5350831.01,4635,235,390,395,270
5350831.02,5215,195,405,275,355
5350832,3170,115,370,230,280